frame_number,detected,x,y,confidence
0,0,0.0,0.0,0.0
1,0,0.0,0.0,0.0
2,0,0.0,0.0,0.0
3,1,643.7701153094587,329.198444243354,78.01673126220703
4,1,644.5939288811717,326.1093384244196,90.53895568847656
5,1,645.6195413966174,322.2683900572359,86.83091735839844
6,1,647.3026515375963,316.0747114073868,74.90442657470703
7,1,648.1269787643105,314.30130979052336,86.68303680419922
8,1,649.2953112325945,310.87614012550716,84.74601745605469
9,1,650.891650504032,307.05370010010097,66.08202362060547
10,1,651.9648821119875,306.0673636548592,76.56997680664062
11,1,652.7963966560409,304.6013087094705,77.03706359863281
12,1,654.1950439744821,302.9362153051016,65.17109680175781
13,1,655.3896393434716,303.4929639576653,81.27530670166016
14,1,656.1508396693067,303.97236682930424,76.27005767822266
15,1,658.0429068184715,305.5920398626055,73.30911254882812
16,1,659.0536580702089,307.4243132736003,80.17345428466797
17,1,659.587238915804,310.58109567388965,80.58551788330078
18,1,660.6115623853968,316.75847821504584,65.11604309082031
19,1,661.7033978239515,320.99759770465,75.87892150878906
20,1,662.2691490445997,327.23983237821,82.04700469970703
21,1,666.0000394226721,338.50329001732706,1.006950855255127
22,1,665.2541350284588,346.2015358730794,50.459835052490234
23,1,664.6804160923556,358.0484051273215,55.2618408203125
24,1,667.1594855328946,378.3305336184006,78.26235961914062
25,1,667.2880537265302,386.62709155057087,86.5312271118164
26,1,668.1861187843175,404.9764839487757,88.17404174804688
27,1,669.4956708961978,436.95931224395537,86.68729400634766
28,1,669.7702841200339,450.6655259716358,67.01435089111328
29,1,670.7179588513627,480.2721142095756,83.6645278930664
30,1,671.0858411852034,502.1850492614955,90.55976867675781
31,1,672.9196887573245,492.5781305580475,88.38742065429688
32,1,675.4816348993918,479.1600109343977,82.23942565917969
33,1,677.6793295096761,460.39044235213925,83.03401184082031
34,1,679.5161709653221,451.5606266520021,82.70025634765625
35,1,681.7330933040179,439.9637817591978,66.9443130493164
36,0,0.0,0.0,0.0
37,0,0.0,0.0,0.0
38,0,0.0,0.0,0.0
39,0,0.0,0.0,0.0
40,0,0.0,0.0,0.0
41,0,0.0,0.0,0.0
42,0,0.0,0.0,0.0
43,0,0.0,0.0,0.0
44,0,0.0,0.0,0.0
45,0,0.0,0.0,0.0
46,0,0.0,0.0,0.0
47,0,0.0,0.0,0.0
48,0,0.0,0.0,0.0
49,0,0.0,0.0,0.0
50,0,0.0,0.0,0.0
51,0,0.0,0.0,0.0
52,0,0.0,0.0,0.0
53,0,0.0,0.0,0.0
54,1,657.9676627238056,271.47408841167316,30.90617561340332
55,1,658.1947433836143,273.03601107386766,33.866004943847656
56,1,656.8119579307538,275.76905385759216,37.8595085144043
57,1,656.73578727663,279.0733929258329,77.29773712158203
58,1,656.8093653205234,281.5824342881802,89.72954559326172
59,1,656.3297247756889,285.35625982946027,78.56602478027344
60,1,656.4265407278556,290.401119597635,79.39640808105469
61,1,656.3906612651966,293.99743824242546,89.57987976074219
62,1,656.3683472625122,298.39172897525856,91.63156127929688
63,1,656.3141000651891,305.1717193814765,82.12626647949219
64,1,656.2231494690363,308.67684074130227,88.05962371826172
65,1,656.2248602279859,313.6769251483276,87.57513427734375
66,1,656.3814864656894,321.149568146372,70.97142791748047
67,1,656.6389290132032,325.4373402491136,87.7032241821289
68,1,656.716478681064,329.7939297040035,89.87191772460938
69,1,656.9027308474809,339.788750903114,70.33647918701172
70,1,657.8367744393612,342.8100557200554,86.29747009277344
71,1,657.6066209489846,348.3105056171915,85.2029800415039
72,1,658.1965663964147,356.94487072472737,78.37788391113281
73,1,658.5999420077418,361.51379962243897,84.52306365966797
74,1,658.6822386858526,367.83140891240225,88.89108276367188
75,1,659.3877991422602,376.8325065012491,52.32245635986328
76,1,659.3830805944867,380.72355674278623,76.00404357910156
77,1,659.2228425755412,384.73022534666995,59.00858688354492
78,1,659.0600587787388,378.3891009224882,76.90673065185547
79,1,659.4117853343245,373.56049146409015,90.0283203125
80,1,659.0872688419104,369.167920260266,88.64533996582031
81,1,659.0095163355996,360.66864635711266,83.19792175292969
82,1,659.6969499235731,357.7817322377552,84.04363250732422
83,1,659.9179136133484,354.1277113557061,75.3497543334961
84,1,660.285289114092,346.4630187336917,68.09147644042969
85,1,659.2678890421535,344.27510536866873,74.17938995361328
86,1,657.9007331217514,341.6332933811854,62.23345184326172
87,1,657.8804791631721,335.24017792659,75.5947036743164
88,1,657.2884470574037,332.75212767226634,86.43150329589844
89,1,656.4087178260752,329.0311145844774,90.09833526611328
90,1,655.0690994726212,324.87048198545347,80.71421813964844
91,1,654.5353711261301,322.89454682042395,86.35547637939453
92,1,653.5445577871155,319.8146874534276,85.44133758544922
93,1,651.3176258348435,317.6403289133839,67.22322845458984
94,1,650.36067079116,316.23491752302715,90.0391845703125
95,1,648.9759825761315,315.0140521164885,81.56990051269531
96,1,647.3823402390301,314.10236294070023,59.80683898925781
97,1,646.0925768196358,314.8884632955153,75.36399841308594
98,1,643.9292208123279,315.4398529147681,78.28990173339844
99,1,641.458753643696,316.57951248986967,81.43157958984375
100,1,640.4689214403284,318.4232797236205,92.61961364746094
101,1,638.0351997366394,321.1788072355524,92.40941619873047
102,1,635.0758578286253,326.08538412932694,91.19767761230469
103,1,633.3325428843726,329.30653200287986,89.53650665283203
104,1,630.6682496967017,334.5774520849738,83.5483627319336
105,1,626.3516646364792,343.9462950724733,90.58012390136719
106,1,624.725535056647,349.0029907930371,88.98271942138672
107,1,621.8444480745734,357.38627728293,89.05314636230469
108,1,615.8737363005346,373.24260865639377,93.43797302246094
109,1,613.8784125966334,379.5401488644941,93.55601501464844
110,1,609.8568034723156,391.2882176372362,80.57408905029297
111,1,602.2987601792244,414.938345847283,83.8409652709961
112,1,600.4035281207895,423.90140700171224,87.30348205566406
113,1,594.945360435834,442.68025100661345,91.50120544433594
114,1,587.5269482756928,463.51473812839134,80.90058898925781
115,1,586.2301472564865,455.79011790356486,91.4502944946289
116,1,585.056902025056,445.1606789840648,82.12345123291016
117,1,581.5583756461118,430.47426817120237,75.57521057128906
118,1,580.251793733842,423.38528104812275,84.60739135742188
119,1,578.0350640129034,414.7621449434599,90.17683410644531
120,1,574.4312583081089,402.14783577573985,53.95771026611328
121,1,572.6725649588096,397.17232891577953,63.23177719116211
122,1,570.5400761402076,391.48461760509554,54.405662536621094
123,0,0.0,0.0,0.0
124,0,0.0,0.0,0.0
125,1,557.7531226770313,377.22938250070496,4.181746959686279
126,0,0.0,0.0,0.0
127,0,0.0,0.0,0.0
128,0,0.0,0.0,0.0
129,0,0.0,0.0,0.0
130,0,0.0,0.0,0.0
131,0,0.0,0.0,0.0
132,0,0.0,0.0,0.0
133,0,0.0,0.0,0.0
134,0,0.0,0.0,0.0
135,1,507.4219154248148,447.1680084156323,6.197510719299316
136,0,0.0,0.0,0.0
137,0,0.0,0.0,0.0
138,0,0.0,0.0,0.0
139,0,0.0,0.0,0.0
140,0,0.0,0.0,0.0
141,1,545.1880890353116,428.0403993899892,83.3395004272461
142,1,553.3178795120513,414.8263408562905,71.01030731201172
143,1,566.0546799594313,395.2244837755425,89.12356567382812
144,1,580.0160025821273,375.8267256051513,81.26016235351562
145,1,584.864101322189,372.06242163575337,90.71493530273438
146,1,590.6834171059218,362.91584374937975,82.64537811279297
147,1,598.5448539751651,355.77517979753327,73.293701171875
148,1,602.0841543634756,354.52740041702896,85.07281494140625
149,1,605.6187101259573,352.4386055804602,83.69365692138672
150,1,611.3863200328041,350.5156913637472,80.3144302368164
151,1,613.479287492657,351.39132874337724,91.627197265625
152,1,615.4640496630246,351.86683098545114,87.7184066772461
153,1,618.6731585141848,354.116113036569,72.32222747802734
154,1,620.7292479055295,355.66946254212377,92.16667175292969
155,1,622.6127943490278,358.0650029465653,90.24993133544922
156,1,625.3157290270367,361.6235386959684,80.15589141845703
157,1,626.6858757154449,364.4567105307487,87.12962341308594
158,1,627.9632860914267,368.0088621767236,89.25750732421875
159,1,630.2893106850275,372.43993843401097,67.9622802734375
160,1,630.7984971892259,375.7332544283066,84.31195831298828
161,1,632.0798531111786,379.2478645119216,81.98605346679688
162,1,633.7627703991691,385.4638545175049,78.1299819946289
163,1,634.0421731425434,389.32370040100403,83.3384017944336
164,1,635.0615680260508,393.39068485709527,74.48851013183594
165,1,635.76560343194,384.7408313991197,76.08911895751953
166,1,636.3546280157717,381.32774035857125,79.68558502197266
167,1,637.666012170819,376.022380403638,71.08094024658203
168,1,639.3462258037572,372.47464712663265,29.126760482788086
169,1,639.0810886135588,369.3322681031122,68.39672088623047
170,1,639.1752767519649,365.19672334276777,82.2071762084961
171,1,639.9446772055569,361.5520923425991,66.69295501708984
172,1,640.650049403812,360.588359445527,77.16902923583984
173,1,640.8985411681678,359.5250631404393,81.67308807373047
174,0,0.0,0.0,0.0
175,0,0.0,0.0,0.0
176,0,0.0,0.0,0.0
177,1,643.5904324278224,353.5508264281042,58.2498893737793
178,1,644.2558478632047,350.31066874093625,79.61363983154297
179,1,644.5797790988344,345.78758395602154,89.62518310546875
180,1,645.0282797189841,338.49429963614307,73.32891082763672
181,1,645.4715700656124,335.981710390702,93.0185775756836
182,1,646.0536186329342,332.7787153253248,89.40068817138672
183,1,646.5192771211156,327.9326043396993,75.85699462890625
184,1,647.1234925545324,325.87243034204766,93.50154113769531
185,1,647.8697345667392,324.1315073112677,92.85357666015625
186,0,0.0,0.0,0.0
187,1,649.8578302456795,321.8722029385771,18.713529586791992
188,1,651.439135309308,321.06668707031156,14.793917655944824
189,1,650.5477861789692,320.0321129920296,68.53423309326172
190,1,651.5318266583108,320.85076182889605,79.9875259399414
191,1,652.4085642605497,323.351972279861,77.00926208496094
192,1,653.266265887732,325.6421116626603,82.85650634765625
193,1,654.2608001421561,328.4202939968986,87.06875610351562
194,1,654.2045371610805,331.8608473606006,87.49774169921875
195,1,655.1000476964713,340.1578361617541,81.60092163085938
196,1,655.5517505931653,344.53124363993294,83.24881744384766
197,1,656.33588750687,352.00291958444103,88.0517349243164
198,1,659.192533721425,367.1503564499466,87.5027084350586
199,1,659.4811510856385,374.4683428829287,72.96658325195312
200,1,659.7728111355163,384.1472357032012,84.99824523925781
201,1,661.4363841155623,405.54298731063983,82.87682342529297
202,1,662.0777999920504,414.9223826938318,87.44190979003906
203,1,663.3550060732182,433.21776658846164,87.75514221191406
204,1,664.449895372341,464.41294331582264,62.48720932006836
205,1,666.5843871430976,466.70772417644537,81.4078140258789
206,1,667.2365082230851,452.66226421567694,84.28338623046875
207,1,670.2661331666794,436.6433747433684,83.74837493896484
208,1,670.9533938903147,429.65311862954286,88.59777069091797
209,1,672.959820388409,419.9005610114973,81.95177459716797
210,1,675.3598813018988,406.45260969793816,78.82240295410156
211,1,676.6429241295638,400.41982459882445,85.70802307128906
212,1,679.3074127753868,392.96871795309505,73.78484344482422
213,0,0.0,0.0,0.0
214,0,0.0,0.0,0.0
215,0,0.0,0.0,0.0
216,0,0.0,0.0,0.0
217,0,0.0,0.0,0.0
218,0,0.0,0.0,0.0
219,0,0.0,0.0,0.0
220,0,0.0,0.0,0.0
221,0,0.0,0.0,0.0
222,0,0.0,0.0,0.0
223,0,0.0,0.0,0.0
224,0,0.0,0.0,0.0
225,0,0.0,0.0,0.0
226,0,0.0,0.0,0.0
227,0,0.0,0.0,0.0
228,1,676.7197587175712,353.5456994837598,25.11115837097168
229,1,671.9287384475666,343.8507498160636,25.760705947875977
230,0,0.0,0.0,0.0
231,0,0.0,0.0,0.0
232,0,0.0,0.0,0.0
233,0,0.0,0.0,0.0
234,1,636.9242481608151,309.8344269700555,61.87889099121094
235,1,634.8989658206991,310.21220871741224,77.42997741699219
236,1,631.5522516622838,311.1433792792266,75.77375793457031
237,1,627.6655849672823,314.5613947958699,81.06961822509766
238,1,627.0562842648634,315.6704337074919,88.4897232055664
239,1,625.0374703370802,318.8726407791969,97.95458984375
240,1,622.4852905276679,324.4109376649276,83.33857727050781
241,1,621.9293581253186,327.09009411916406,85.2603759765625
242,1,620.5809768635368,331.2988730020179,89.89105224609375
243,1,619.2702842044715,338.54381436146804,79.64354705810547
244,1,618.4951414653012,341.8021640684304,90.07487487792969
245,1,617.9566168572613,346.93981357604184,96.74676513671875
246,1,616.393461465992,355.0582707342287,80.2967300415039
247,1,615.8808046388083,359.3974892557852,89.13822937011719
248,1,615.8233140885928,364.5403252423086,82.23782348632812
249,1,616.000505149038,372.7752236292447,4.652392387390137
250,1,615.3980502440273,379.64338051180454,13.54749584197998
251,0,0.0,0.0,0.0
252,0,0.0,0.0,0.0
253,0,0.0,0.0,0.0
254,0,0.0,0.0,0.0
255,1,611.6097932080504,372.5671315709794,54.96234893798828
256,1,611.6625486057801,369.5195151285617,44.75310516357422
257,1,611.4303656612701,364.8359499288448,70.16065979003906
258,1,610.9532880408526,359.07737355058543,28.52391242980957
259,1,610.9760591071525,355.62513816654814,40.41155242919922
260,1,610.0866108143682,351.6454166809731,38.607635498046875
261,0,0.0,0.0,0.0
262,1,610.7315528128888,346.3607292320778,10.378915786743164
263,1,609.3920665887442,343.129342290158,34.24118423461914
264,0,0.0,0.0,0.0
265,0,0.0,0.0,0.0
266,0,0.0,0.0,0.0
267,0,0.0,0.0,0.0
268,0,0.0,0.0,0.0
269,0,0.0,0.0,0.0
270,0,0.0,0.0,0.0
271,0,0.0,0.0,0.0
272,0,0.0,0.0,0.0
273,1,612.2857273458571,333.190555402672,67.92912292480469
274,1,614.6690828508661,330.60150315886955,83.49613952636719
275,1,616.492805009407,326.6710768555879,86.85610961914062
276,1,620.9616652201947,320.5168866288549,51.2652473449707
277,1,623.3682443616593,318.95038340818365,67.48867797851562
278,1,625.7904378766146,315.7231243612288,58.420413970947266
279,0,0.0,0.0,0.0
280,0,0.0,0.0,0.0
281,0,0.0,0.0,0.0
282,1,638.6694327262219,308.0047747376877,15.21844482421875
283,1,643.1321567434013,309.19233135302244,23.786104202270508
284,1,647.290206330733,308.41372168728316,26.30866241455078
285,1,652.0473497187352,310.2927309720459,71.55351257324219
286,1,655.1294832125951,311.84977645114157,92.34866333007812
287,1,658.7234325540086,314.76965938142115,80.60981750488281
288,1,664.5832807503065,320.8319644042094,84.986328125
289,1,667.6511530857192,324.7333974197152,88.196044921875
290,1,672.4853212460606,330.1026484382724,94.14688110351562
291,0,0.0,0.0,0.0
292,0,0.0,0.0,0.0
293,0,0.0,0.0,0.0
294,0,0.0,0.0,0.0
295,0,0.0,0.0,0.0
296,0,0.0,0.0,0.0
297,0,0.0,0.0,0.0
298,0,0.0,0.0,0.0
299,0,0.0,0.0,0.0
300,1,745.240725188634,475.8501638585767,83.55329895019531
301,1,748.8656305374312,468.7074311935659,65.39962005615234
302,1,756.377172153353,455.89720743121524,82.4511947631836
303,0,0.0,0.0,0.0
304,0,0.0,0.0,0.0
305,0,0.0,0.0,0.0
306,0,0.0,0.0,0.0
307,0,0.0,0.0,0.0
308,0,0.0,0.0,0.0
309,0,0.0,0.0,0.0
310,0,0.0,0.0,0.0
311,0,0.0,0.0,0.0
312,0,0.0,0.0,0.0
313,0,0.0,0.0,0.0
314,0,0.0,0.0,0.0
315,0,0.0,0.0,0.0
316,1,933.1883860889475,401.2632838590313,7.877987861633301
317,0,0.0,0.0,0.0
318,0,0.0,0.0,0.0
319,0,0.0,0.0,0.0
320,0,0.0,0.0,0.0
321,0,0.0,0.0,0.0
322,0,0.0,0.0,0.0
323,0,0.0,0.0,0.0
324,0,0.0,0.0,0.0
325,0,0.0,0.0,0.0
326,0,0.0,0.0,0.0
327,0,0.0,0.0,0.0
328,0,0.0,0.0,0.0
329,0,0.0,0.0,0.0
330,1,676.2347954148323,302.2230705264688,79.39047241210938
331,1,671.8224611208408,304.1314710513157,92.7193603515625
332,1,666.1855894977856,305.44949906872887,91.87528228759766
333,1,658.7341634750795,309.6803742354646,84.31612396240234
334,1,655.7148302625834,311.99508737995257,93.52960205078125
335,1,651.570509006668,315.56298035412163,84.09611511230469
336,1,646.3308951207281,321.1505732871953,76.27196502685547
337,1,644.2488469457456,324.06866851858325,87.76404571533203
338,1,641.4881858439572,328.3732439872215,91.8956069946289
339,1,637.9999624396651,340.5006615446458,1.0124447345733643
340,1,635.1065604376928,341.47193728676643,27.72185707092285
341,1,633.5633227802226,344.3138194069596,36.162445068359375
342,1,630.4641849700888,351.56163434712215,79.68473815917969
343,1,630.257176918369,354.90597314723067,78.64505004882812
344,1,628.6220138491325,360.8030653094198,71.59058380126953
345,0,0.0,0.0,0.0
346,0,0.0,0.0,0.0
347,0,0.0,0.0,0.0
348,0,0.0,0.0,0.0
349,0,0.0,0.0,0.0
350,0,0.0,0.0,0.0
351,0,0.0,0.0,0.0
352,0,0.0,0.0,0.0
353,0,0.0,0.0,0.0
354,0,0.0,0.0,0.0
355,0,0.0,0.0,0.0
356,0,0.0,0.0,0.0
357,0,0.0,0.0,0.0
358,0,0.0,0.0,0.0
359,0,0.0,0.0,0.0
360,0,0.0,0.0,0.0
361,0,0.0,0.0,0.0
362,0,0.0,0.0,0.0
363,0,0.0,0.0,0.0
364,1,618.0,321.0,0.5059421062469482
365,0,0.0,0.0,0.0
366,0,0.0,0.0,0.0
367,0,0.0,0.0,0.0
368,0,0.0,0.0,0.0
369,0,0.0,0.0,0.0
370,0,0.0,0.0,0.0
371,0,0.0,0.0,0.0
372,1,620.4980683342159,310.67427092411566,75.93412017822266
373,1,620.7624590659739,312.2051613855193,78.05503845214844
374,1,620.6279162152231,316.2765846829131,79.98978424072266
375,1,620.4854696998856,321.51406109871726,80.14590454101562
376,1,620.6469679819565,325.25311728018437,86.21106719970703
377,1,620.5880064729348,330.9059030326625,91.1181411743164
378,1,619.9455262118576,342.6500797991184,85.49208068847656
379,1,620.1139338991479,347.68604735703946,94.80616760253906
380,1,619.7099524442904,358.29786783530426,78.78489685058594
381,1,618.2239431851665,377.80343554700494,88.51541137695312
382,1,618.1427242294247,385.1455519200094,93.12484741210938
383,1,617.3705054299166,402.52985923888957,86.09036254882812
384,1,615.8428602597578,432.75214895540796,84.62659454345703
385,1,615.3868240583238,444.7453535363052,73.38829040527344
386,1,613.9131809593592,471.51618260992655,79.63246154785156
387,1,612.3567953108194,518.4688163008991,88.61013793945312
388,1,612.1952027634005,510.78820002598184,85.05738830566406
389,1,612.2223048340968,498.771195403947,71.0697250366211
390,1,610.0,483.0,0.5013021230697632
391,0,0.0,0.0,0.0
392,0,0.0,0.0,0.0
393,0,0.0,0.0,0.0
394,0,0.0,0.0,0.0
395,0,0.0,0.0,0.0
396,0,0.0,0.0,0.0
397,0,0.0,0.0,0.0
398,0,0.0,0.0,0.0
399,0,0.0,0.0,0.0
400,0,0.0,0.0,0.0
401,0,0.0,0.0,0.0
402,0,0.0,0.0,0.0
403,1,602.9705460834864,389.16461507808555,35.48617935180664
404,1,608.4498038257576,359.4573525966323,19.79273796081543
405,1,608.9744287797886,346.00790032558876,42.200077056884766
406,0,0.0,0.0,0.0
407,0,0.0,0.0,0.0
408,0,0.0,0.0,0.0
409,0,0.0,0.0,0.0
410,0,0.0,0.0,0.0
411,1,618.2588924914878,321.17506497051926,46.24300003051758
412,1,619.9790127540122,322.42181881177544,62.7857551574707
413,1,620.3903443425945,324.014111006892,63.77454376220703
414,1,621.576477790082,325.0941123709431,82.52960968017578
415,1,622.7562900787083,328.89648049141374,84.86202239990234
416,1,623.216357685004,331.96210439323943,92.58965301513672
417,1,624.7385747344725,335.51132554953506,83.0738754272461
418,1,625.4056277316425,340.2747304878265,90.48872375488281
419,1,625.8998768861258,345.0005934331407,91.68669128417969
420,1,626.6273170621903,349.02662054418073,88.2343978881836
421,1,627.7256718586716,354.2724551097808,85.90058898925781
422,1,628.8724798501038,359.80465894775205,87.74866485595703
423,1,629.5583240525427,364.68624258922864,71.38204193115234
424,1,630.6719142329397,369.1411852734554,55.20802688598633
425,1,631.5814783997948,374.39456455724087,82.74207305908203
426,1,631.5653757203476,381.970716308547,63.24112319946289
427,1,632.3563760822761,386.61279640783766,77.8998031616211
428,1,633.6722980327029,392.10481431933283,73.38751220703125
429,1,633.5408253881396,387.04599767056027,75.90678405761719
430,1,634.1509859810525,380.5965878467577,73.14319610595703
431,1,634.6841664584431,373.6822536865927,85.94843292236328
432,1,635.0314703044587,368.2016363214088,23.19393539428711
433,1,635.3864466816865,364.6173842384983,81.54058837890625
434,1,634.7857507092448,361.202484597887,81.52378845214844
435,1,635.0190491583207,357.90250148410604,70.70597839355469
436,1,635.0636139147243,355.3511039829253,79.25081634521484
437,1,635.2970516169324,353.29076503810154,83.47393798828125
438,1,635.5067085857627,350.93288056311087,63.216392517089844
439,1,635.7248602248915,350.2409503218656,80.26712799072266
440,1,635.7799911375727,349.41894041713664,77.67357635498047
441,0,0.0,0.0,0.0
442,0,0.0,0.0,0.0
443,0,0.0,0.0,0.0
444,1,640.3188584329513,343.35103420921547,70.1561050415039
445,1,643.7794957955383,338.2270264238911,86.02438354492188
446,1,646.5780219856946,334.3549265205061,86.66584777832031
447,1,650.4937616160718,328.6524994907478,80.82085418701172
448,1,654.6207437421485,325.27267408397057,91.54812622070312
449,1,658.5094835472013,321.376158571101,90.03756713867188
450,1,662.1136113149781,317.60388876065366,75.75116729736328
451,1,666.3285334890899,315.1626031474653,81.41044616699219
452,1,670.2704471367568,312.67560894283895,83.15003967285156
453,1,674.7971480268669,310.48896017488437,69.9833755493164
454,1,679.8494402046579,310.08862830096933,80.94880676269531
455,1,684.7616405433142,309.3434101507799,85.59165954589844
456,1,689.2167062420947,309.36412425298136,76.56843566894531
457,1,694.5390516394333,310.754708517015,92.76106262207031
458,1,700.0995462563016,312.76263529862655,92.17403411865234
459,1,705.6558171202153,315.39625639669896,89.77960968017578
460,1,711.4052865066196,319.4375616688001,86.99238586425781
461,1,717.9167372153424,323.96963065619525,91.61094665527344
462,1,725.1542948623247,330.2986545752146,65.67045593261719
463,1,732.2849996149824,340.5711781671363,3.576115369796753
464,0,0.0,0.0,0.0
465,0,0.0,0.0,0.0
466,0,0.0,0.0,0.0
467,0,0.0,0.0,0.0
468,0,0.0,0.0,0.0
469,0,0.0,0.0,0.0
470,0,0.0,0.0,0.0
471,0,0.0,0.0,0.0
472,0,0.0,0.0,0.0
473,1,845.6717135228754,503.88541629439624,31.968856811523438
474,0,0.0,0.0,0.0
475,0,0.0,0.0,0.0
476,0,0.0,0.0,0.0
477,0,0.0,0.0,0.0
478,0,0.0,0.0,0.0
479,0,0.0,0.0,0.0
480,0,0.0,0.0,0.0
481,0,0.0,0.0,0.0
482,0,0.0,0.0,0.0
483,0,0.0,0.0,0.0
484,0,0.0,0.0,0.0
485,0,0.0,0.0,0.0
486,0,0.0,0.0,0.0
487,0,0.0,0.0,0.0
488,0,0.0,0.0,0.0
489,0,0.0,0.0,0.0
490,0,0.0,0.0,0.0
491,0,0.0,0.0,0.0
492,0,0.0,0.0,0.0
493,0,0.0,0.0,0.0
494,0,0.0,0.0,0.0
495,1,770.0143837313079,325.3788227336666,87.81008911132812
496,1,759.4006755888959,327.5658753545402,84.89833068847656
497,1,749.3132361119813,330.44684399193085,87.19351196289062
498,1,740.7461178833687,333.60945147455345,89.31668853759766
499,1,733.3671313953248,337.5047330583716,87.02615356445312
500,1,726.449009515161,342.12352772161603,85.95797729492188
501,1,721.1556556817752,346.15120936337206,88.21186828613281
502,1,716.0712102262329,351.5144094329245,88.8777084350586
503,1,711.4212548238306,356.5684496649285,84.24270629882812
504,1,707.1559547117938,361.75723305435895,85.13288116455078
505,1,703.4720041699399,367.36463847736206,88.99041748046875
506,1,700.2428483032402,372.51693761848907,89.30757904052734
507,0,0.0,0.0,0.0
508,0,0.0,0.0,0.0
509,1,692.5037502526995,393.0000228695235,2.0485451221466064
510,1,688.9977285150438,398.4944882940493,3.080227851867676
511,0,0.0,0.0,0.0
512,0,0.0,0.0,0.0
513,0,0.0,0.0,0.0
514,0,0.0,0.0,0.0
515,0,0.0,0.0,0.0
516,1,680.510902965778,363.8971797990812,57.416263580322266
517,1,679.5645519204684,360.9656640761361,56.813358306884766
518,1,678.0076558842736,357.8068793167662,33.53395080566406
519,0,0.0,0.0,0.0
520,0,0.0,0.0,0.0
521,0,0.0,0.0,0.0
522,0,0.0,0.0,0.0
523,0,0.0,0.0,0.0
524,0,0.0,0.0,0.0
525,0,0.0,0.0,0.0
526,0,0.0,0.0,0.0
527,0,0.0,0.0,0.0
528,0,0.0,0.0,0.0
529,0,0.0,0.0,0.0
530,0,0.0,0.0,0.0
531,0,0.0,0.0,0.0
532,0,0.0,0.0,0.0
533,0,0.0,0.0,0.0
534,0,0.0,0.0,0.0
535,0,0.0,0.0,0.0
536,0,0.0,0.0,0.0
537,1,694.408507444411,297.27324483364856,82.2254638671875
538,1,697.3609765034735,293.4042671224515,86.94320678710938
539,1,700.6055908731062,289.77850849127606,91.13246154785156
540,1,703.2787926256368,286.56878227098224,77.60041046142578
541,1,706.9735580542186,284.18878885669085,88.66883087158203
542,1,710.9242914195243,282.0236631087547,86.71954345703125
543,1,714.0631737258402,280.9731881363824,72.67621612548828
544,1,717.5597362546928,280.7767325779912,79.06827545166016
545,1,722.7059095374246,281.6640268257694,73.8846206665039
546,0,0.0,0.0,0.0
547,1,733.0,283.0,0.5053974390029907
548,0,0.0,0.0,0.0
549,0,0.0,0.0,0.0
550,0,0.0,0.0,0.0
551,0,0.0,0.0,0.0
552,1,762.1477503779303,320.28762014636635,84.91033935546875
553,1,770.0445434221909,332.2746677116996,66.69425964355469
554,1,776.9353380274956,347.25360150488643,78.5758285522461
555,0,0.0,0.0,0.0
556,0,0.0,0.0,0.0
557,0,0.0,0.0,0.0
558,0,0.0,0.0,0.0
559,0,0.0,0.0,0.0
560,0,0.0,0.0,0.0
561,0,0.0,0.0,0.0
562,0,0.0,0.0,0.0
563,0,0.0,0.0,0.0
564,0,0.0,0.0,0.0
565,0,0.0,0.0,0.0
566,0,0.0,0.0,0.0
567,0,0.0,0.0,0.0
568,0,0.0,0.0,0.0
569,0,0.0,0.0,0.0
570,0,0.0,0.0,0.0
571,0,0.0,0.0,0.0
572,0,0.0,0.0,0.0
573,0,0.0,0.0,0.0
574,0,0.0,0.0,0.0
575,0,0.0,0.0,0.0
576,1,726.4125380392906,285.0267499370044,31.632417678833008
577,1,715.861956366007,282.28635958910934,36.087215423583984
578,1,705.9161766659885,278.3553373999798,7.457301139831543
579,1,698.3981130392219,279.75570819173424,74.63311767578125
580,1,690.6895083739914,280.2410033417799,86.1966323852539
581,1,684.5242393009132,281.4976343402197,82.49844360351562
582,1,680.061179046938,283.1328825147133,85.75305938720703
583,1,675.0286047635622,285.6323894688291,91.50991821289062
584,1,670.1920864613526,289.05868721986735,93.83456420898438
585,1,666.647500375498,291.83119731921914,76.42768096923828
586,1,663.0038503704162,296.0053249159566,90.87109375
587,1,660.1764014586387,300.48268109893115,91.17168426513672
588,0,0.0,0.0,0.0
589,0,0.0,0.0,0.0
590,0,0.0,0.0,0.0
591,0,0.0,0.0,0.0
592,0,0.0,0.0,0.0
593,0,0.0,0.0,0.0
594,0,0.0,0.0,0.0
595,0,0.0,0.0,0.0
596,0,0.0,0.0,0.0
597,0,0.0,0.0,0.0
598,0,0.0,0.0,0.0
599,0,0.0,0.0,0.0
600,0,0.0,0.0,0.0
601,0,0.0,0.0,0.0
602,0,0.0,0.0,0.0
603,0,0.0,0.0,0.0
604,0,0.0,0.0,0.0
605,0,0.0,0.0,0.0
606,0,0.0,0.0,0.0
607,0,0.0,0.0,0.0
608,0,0.0,0.0,0.0
609,1,632.0000518943713,355.00837078883876,4.626465320587158
610,1,628.3733105854906,350.99500513227457,4.139583587646484
611,1,629.136401640602,347.5413585601728,6.870736598968506
612,0,0.0,0.0,0.0
613,0,0.0,0.0,0.0
614,0,0.0,0.0,0.0
615,1,636.3150743040112,334.7507754144484,63.68207931518555
616,1,641.5596098623098,330.99171887586,73.05428314208984
617,1,645.8431155778256,326.7483681693017,78.81179809570312
618,1,651.6394131640063,323.08386989127547,72.93743133544922
619,1,657.1335264216817,320.5942656308994,75.6349868774414
620,1,662.2380152599659,318.0850314069247,72.67658233642578
621,1,668.2978670446855,315.5439240631549,78.63006591796875
622,1,674.4251844387287,314.49601893898574,89.55753326416016
623,1,680.6248088789257,313.0201875474124,85.90885925292969
624,1,686.6673507054044,312.5341204886501,84.98194122314453
625,1,693.7317809904614,313.1558333376794,86.12841796875
626,1,700.522583167369,313.76095122367394,86.60859680175781
627,1,707.8374864491985,315.3784805543201,88.16039276123047
628,1,715.3539155500976,317.6898396041484,86.10922241210938
629,1,723.2491547394524,321.27314802257706,90.06398010253906
630,1,731.7206721412932,325.65717767894836,85.5396499633789
631,1,740.5051627884836,330.83954924952707,89.43627166748047
632,1,749.8528242489598,336.9279355973466,84.98294830322266
633,1,759.4251277169193,344.888490756029,85.4785385131836
634,1,769.9579691094817,353.16521446924776,68.4816665649414
635,0,0.0,0.0,0.0
636,0,0.0,0.0,0.0
637,0,0.0,0.0,0.0
638,0,0.0,0.0,0.0
639,0,0.0,0.0,0.0
640,0,0.0,0.0,0.0
641,0,0.0,0.0,0.0
642,0,0.0,0.0,0.0
643,0,0.0,0.0,0.0
644,0,0.0,0.0,0.0
645,0,0.0,0.0,0.0
646,0,0.0,0.0,0.0
647,0,0.0,0.0,0.0
648,0,0.0,0.0,0.0
649,0,0.0,0.0,0.0
650,0,0.0,0.0,0.0
651,0,0.0,0.0,0.0
652,0,0.0,0.0,0.0
653,0,0.0,0.0,0.0
654,0,0.0,0.0,0.0
655,0,0.0,0.0,0.0
656,0,0.0,0.0,0.0
657,0,0.0,0.0,0.0
658,0,0.0,0.0,0.0
659,0,0.0,0.0,0.0
660,0,0.0,0.0,0.0
661,0,0.0,0.0,0.0
662,0,0.0,0.0,0.0
663,0,0.0,0.0,0.0
664,0,0.0,0.0,0.0
665,0,0.0,0.0,0.0
666,1,920.6766852423195,339.1462594322903,61.83930587768555
667,1,885.0263043920916,333.55207940649865,57.28479766845703
668,1,856.6321426729244,329.45504810271507,51.694705963134766
669,1,832.515150336177,324.87497133507145,85.03118133544922
670,1,811.8128273517046,324.6366065075819,92.61859893798828
671,1,795.0445085068308,324.5053581401875,88.62688446044922
672,1,779.6671733511989,324.93871139783937,87.80866241455078
673,1,766.5348407406088,326.57254506814036,85.1528549194336
674,1,755.2565063252854,328.76869588107365,88.857177734375
675,1,745.5263819636725,330.6995013341308,91.50301361083984
676,1,736.2468413122781,334.3176358212401,86.26573181152344
677,1,728.1879061456023,337.3532164950509,84.82310485839844
678,1,721.3544724652155,340.47221941930434,87.33622741699219
679,1,715.2418801466148,344.8814278421294,87.05130004882812
680,1,708.5848724636393,349.5346324201709,84.4776611328125
681,1,703.2884983097277,353.88969327867886,93.63658142089844
682,1,698.1873868353225,359.26191688110265,79.22307586669922
683,1,692.8907793071734,363.84224367236567,87.2103271484375
684,0,0.0,0.0,0.0
685,0,0.0,0.0,0.0
686,0,0.0,0.0,0.0
687,0,0.0,0.0,0.0
688,0,0.0,0.0,0.0
689,0,0.0,0.0,0.0
690,0,0.0,0.0,0.0
691,0,0.0,0.0,0.0
692,0,0.0,0.0,0.0
693,1,666.1670520220136,363.60507028818614,78.06705474853516
694,1,664.9999987375594,360.8364484108184,81.44384002685547
695,1,662.7796695861219,358.65449609414543,68.20941925048828
696,1,660.8282963459476,355.3805045296725,66.7003402709961
697,1,659.6544141615675,353.3869898892485,70.37583923339844
698,1,658.2938875345706,352.00585923167273,68.20169067382812
699,1,657.4206295398402,351.0985232422803,81.0935287475586
700,1,655.9678625845885,346.17234534429525,89.40386962890625
701,1,655.4254718085023,341.97028706054226,84.91078186035156
702,1,655.2515962575912,335.48008570636034,85.17256927490234
703,1,654.2975760298552,330.13735030163895,86.60653686523438
704,1,653.5331265099207,324.86677226135345,85.59518432617188
705,1,651.8738474380993,319.6443788617422,80.13609313964844
706,1,650.7224976047825,315.21343745373116,93.93734741210938
707,1,649.7624466852077,310.98354988907585,92.44586181640625
708,1,648.20581476702,307.2827135701495,76.43335723876953
709,1,645.8756533855703,303.38307201205964,92.12313842773438
710,1,644.2525905107135,300.24747429801255,92.37384033203125
711,1,642.2078744042994,297.5410721097133,64.08758544921875
712,1,639.9683480512488,295.88242648067387,83.90601348876953
713,1,636.7589687966807,294.5315022702413,77.74539184570312
714,1,635.5869678507944,293.6676816372695,21.97748565673828
715,1,631.5513832243851,293.70147665295536,40.633853912353516
716,1,628.0259923513696,294.6741769688386,32.54475784301758
717,1,625.3772043886448,295.33138521842625,84.42050170898438
718,1,620.5751476790664,298.66784956610474,87.34710693359375
719,1,616.3446823592553,302.35472020794975,91.97403717041016
720,1,611.9050451305229,307.131995110731,85.00810241699219
721,1,606.4114289291817,313.77358616819976,84.07054901123047
722,1,601.6810974626605,321.55232679937285,84.98604583740234
723,1,595.4533234339248,331.30667033633887,79.9535903930664
724,1,588.2303663061086,343.45849277637876,80.43121337890625
725,1,580.9296450405496,357.19857689457064,81.27730560302734
726,1,571.9595276070542,374.2829610358591,81.5802230834961
727,1,563.3292274678972,393.5831593694215,79.50647735595703
728,1,553.6186684780881,416.33385775866464,80.42870330810547
729,1,540.9852836405793,443.4329069982728,85.08822631835938
730,1,527.4518407968766,475.2372407625312,81.64651489257812
731,1,514.4230954433159,513.8349620524983,77.8870849609375
732,0,0.0,0.0,0.0
733,0,0.0,0.0,0.0
734,0,0.0,0.0,0.0
735,0,0.0,0.0,0.0
736,0,0.0,0.0,0.0
737,0,0.0,0.0,0.0
738,0,0.0,0.0,0.0
739,0,0.0,0.0,0.0
740,0,0.0,0.0,0.0
741,0,0.0,0.0,0.0
742,0,0.0,0.0,0.0
743,0,0.0,0.0,0.0
744,0,0.0,0.0,0.0
745,0,0.0,0.0,0.0
746,0,0.0,0.0,0.0
747,0,0.0,0.0,0.0
748,0,0.0,0.0,0.0
749,0,0.0,0.0,0.0
750,0,0.0,0.0,0.0
751,0,0.0,0.0,0.0
752,0,0.0,0.0,0.0
753,1,562.2382336394783,309.22879477339416,48.7595329284668
754,1,565.1715585394948,311.8458220818822,74.27175903320312
755,1,567.5554979596404,315.0688432450151,63.586246490478516
756,1,569.1400479173775,317.6866870268106,33.18284606933594
757,1,570.942171864408,321.5816115412658,55.086177825927734
758,1,572.3375498681304,325.9507922071593,38.246891021728516
759,1,573.3074588838292,329.293680370215,68.1710433959961
760,1,574.9427374881003,334.2223354105808,81.44091033935547
761,1,575.9759705882167,338.81431506323963,75.37899017333984
762,1,576.2801362680543,344.06532594043006,58.704261779785156
763,1,577.2040133578046,348.7674732456105,74.8570327758789
764,1,578.2057496278511,354.16341510838896,59.96775436401367
765,1,579.1983896331126,359.3394955835957,56.03586959838867
766,1,580.2631242034201,364.4522581679355,72.20380401611328
767,0,0.0,0.0,0.0
768,0,0.0,0.0,0.0
769,0,0.0,0.0,0.0
770,0,0.0,0.0,0.0
771,0,0.0,0.0,0.0
772,0,0.0,0.0,0.0
773,0,0.0,0.0,0.0
774,0,0.0,0.0,0.0
775,0,0.0,0.0,0.0
776,0,0.0,0.0,0.0
777,1,585.3330289397561,362.24936076863344,6.139107704162598
778,1,585.5656661897272,360.75534184996985,11.456207275390625
779,0,0.0,0.0,0.0
780,0,0.0,0.0,0.0
781,0,0.0,0.0,0.0
782,0,0.0,0.0,0.0
783,0,0.0,0.0,0.0
784,0,0.0,0.0,0.0
785,0,0.0,0.0,0.0
786,1,586.196834534746,348.6345706063446,32.318138122558594
787,1,586.2425903394953,343.6432637081986,47.5323371887207
788,1,586.9217217466694,337.95535534308533,37.93417739868164
789,1,587.899987563124,332.6374930057492,60.42572784423828
790,1,588.4141214509469,328.2361472807539,76.35742950439453
791,1,588.4437928496095,324.01654502988026,77.3924331665039
792,1,588.894909212372,319.22704739073794,56.4488525390625
793,1,588.8595509516588,315.8044422149732,67.40766143798828
794,1,588.8018006704518,312.3680755309397,53.472900390625
795,1,589.1071964340861,310.2131526826052,53.64739990234375
796,1,589.670411528422,307.9169514189069,62.28083419799805
797,1,589.5873996017448,305.7232895086481,58.6433219909668
798,1,590.8531767279535,302.0670557345062,7.2263264656066895
799,1,589.6775629478467,303.93761644198986,36.05292510986328
800,1,588.8306970601064,306.3180779890855,37.676300048828125
801,1,589.3635425578847,306.56991258410517,83.75602722167969
802,1,588.9919906044519,309.85602012926483,91.40544128417969
803,1,588.9467127319812,313.8284377950592,90.29808044433594
804,1,588.2335887880254,318.19861482244187,89.14435577392578
805,1,587.5803510026112,324.92959041856085,84.35147857666016
806,1,587.428496860047,332.2260223324117,90.17095184326172
807,1,586.8092560112655,341.13743793537265,81.3138427734375
808,1,585.9789275773095,352.81614071549683,82.15718841552734
809,1,585.37399422266,366.45500170381894,79.91789245605469
810,1,584.9136327180015,381.5574380206879,86.8885726928711
811,1,583.6798941063196,400.89050447129284,76.10466766357422
812,1,582.8310446862857,422.52900273982124,85.71150207519531
813,1,580.86155020093,448.9039901200867,78.83702850341797
814,1,579.5949985934983,480.2451019017313,69.78968811035156
815,1,578.8881762132658,514.4307835139563,88.10389709472656
816,1,577.8777597483371,524.6352477704545,90.23748016357422
817,1,578.5212533416448,508.07549199273274,70.50933837890625
818,1,580.1144073480294,492.8947276344211,72.854248046875
819,1,579.3264129981532,479.07016239596487,35.652626037597656
820,0,0.0,0.0,0.0
821,0,0.0,0.0,0.0
822,0,0.0,0.0,0.0
823,0,0.0,0.0,0.0
824,0,0.0,0.0,0.0
825,0,0.0,0.0,0.0
826,0,0.0,0.0,0.0
827,0,0.0,0.0,0.0
828,0,0.0,0.0,0.0
829,0,0.0,0.0,0.0
830,0,0.0,0.0,0.0
831,0,0.0,0.0,0.0
832,0,0.0,0.0,0.0
833,0,0.0,0.0,0.0
834,0,0.0,0.0,0.0
835,0,0.0,0.0,0.0
836,0,0.0,0.0,0.0
837,1,670.2848590831987,290.7653713157641,63.992393493652344
838,1,673.430515090456,294.25247089803975,74.688232421875
839,1,675.8313921076975,297.3608146731871,75.82550048828125
840,1,677.8937373270202,300.13824696694894,81.68760681152344
841,1,680.4339089709653,304.7182603853234,87.67974853515625
842,1,681.7972518845468,309.26905571230037,87.94409942626953
843,1,683.8508470565322,313.6011301459219,83.07211303710938
844,1,685.6240936078202,318.41542739638624,87.67574310302734
845,1,687.371597149018,323.7945027030718,87.36454772949219
846,1,688.8751859018658,328.7858496690682,85.2870101928711
847,1,690.6046680716275,334.4127175374699,85.99372863769531
848,1,692.135419838309,339.92123467406714,90.95181274414062
849,1,694.0958101015923,345.4964232389841,85.54511260986328
850,1,695.3517056320051,351.4567381716906,83.62564849853516
851,1,696.4167582532567,357.41792500296737,87.96334838867188
852,1,697.4510836697104,363.15691913909683,75.70755004882812
853,1,699.1715607747199,368.352981058967,16.326602935791016
854,1,701.3114534933841,375.80949070119635,67.5263671875
855,1,702.4152412653444,382.3542952233423,66.63967895507812
856,1,703.237756149849,388.54674312057614,85.60227966308594
857,1,703.6365447502701,389.8019587348627,83.87088775634766
858,1,703.2474756334176,381.9810152759127,72.43824005126953
859,1,703.4134422846769,376.6730123743135,91.53450012207031
860,1,704.5259277370722,374.99413861872273,32.87309265136719
861,1,704.0295242116914,367.1395871250508,85.6314697265625
862,1,703.7482080789215,361.6413986969562,86.78569030761719
863,1,703.3193157149151,358.22112605790124,89.96070861816406
864,1,703.8462232349558,355.6128888143901,84.38623046875
865,1,703.8182298647711,353.3815306679655,87.44691467285156
866,1,703.320065367832,351.3695696093747,87.70027923583984
867,1,704.2155425308622,348.44039176493396,4.631947994232178
868,1,704.4322731708486,348.25716249424755,26.774444580078125
869,1,704.0512820109059,346.42493648257295,9.727999687194824
870,0,0.0,0.0,0.0
871,0,0.0,0.0,0.0
872,0,0.0,0.0,0.0
873,1,702.3560224029706,341.2552005353127,81.0803451538086
874,1,702.2710971934508,338.77172621150453,92.43135833740234
875,1,701.4847637639394,335.8029368882901,88.31673431396484
876,1,701.5037562821855,333.32056800141277,79.78323364257812
877,1,700.9707922954473,331.41652922717753,88.34955596923828
878,1,700.4435509151606,329.1704742380045,94.52932739257812
879,1,698.5847548389114,328.11420334438395,8.951675415039062
880,1,700.1889739350565,326.73392706352024,53.27587890625
881,1,699.8082882749175,325.80574694062807,67.43269348144531
882,1,700.2730099790424,326.05235371975476,76.0877685546875
883,1,700.3936610441403,327.7118873558968,79.14131164550781
884,1,699.8785398143986,330.20834975591293,84.98074340820312
885,1,700.1358460436213,331.64518977537364,83.9208755493164
886,1,700.2978085029814,335.15167419528495,92.99176025390625
887,1,700.2791432731956,339.3645711569049,89.78726959228516
888,1,700.29535794421,343.92281741961796,90.41806030273438
889,1,700.3861953244037,350.1896971463422,86.38424682617188
890,1,700.35199963876,357.66251263305014,85.48724365234375
891,1,700.5198697747385,366.7944000131068,83.37789916992188
892,1,700.6263719648935,376.2776632895404,85.22344207763672
893,1,700.7525662030831,387.6404324591918,83.4600830078125
894,1,700.8600204198364,400.7301086193107,88.51553344726562
895,1,701.3508077928573,416.4129394784776,83.90235900878906
896,1,701.7679190609862,433.99920305860473,90.86943817138672
897,1,702.2894020391398,453.5400745091181,39.95710372924805
898,1,702.1768763204327,473.2765346659072,73.611083984375
899,1,703.7812800521467,463.5631753804268,82.0164794921875
900,1,704.2718151127198,454.06796545957303,78.9794921875
901,1,704.86658073891,444.9476628565918,86.43974304199219
902,1,705.7718039854084,436.8597025596541,83.65312194824219
903,1,706.1495759341083,431.4140671736538,74.91305541992188
904,1,707.8513166246962,425.10833660749825,88.18761444091797
905,1,710.3141688826962,420.39911351685794,76.48945617675781
906,0,0.0,0.0,0.0
907,0,0.0,0.0,0.0
908,0,0.0,0.0,0.0
909,0,0.0,0.0,0.0
910,0,0.0,0.0,0.0
911,0,0.0,0.0,0.0
912,0,0.0,0.0,0.0
913,0,0.0,0.0,0.0
914,0,0.0,0.0,0.0
915,0,0.0,0.0,0.0
916,0,0.0,0.0,0.0
917,0,0.0,0.0,0.0
918,1,710.9510276489638,383.4671537696078,53.10530090332031
919,1,704.2805779703108,360.8615015027177,66.58538055419922
920,1,698.4517015153931,344.8076924839707,93.60940551757812
921,1,694.7512906758732,331.8079773744482,73.56533813476562
922,1,690.1662168447128,322.97275285941,68.74442291259766
923,1,686.7197178811274,316.2678103723488,72.94921875
924,1,684.7551888270383,312.17992886218974,56.78133010864258
925,1,682.3065647061062,309.36887296403137,69.81134796142578
926,1,680.5039713895135,308.30644049148736,73.91525268554688
927,1,679.5703590008674,308.54333407208367,56.52978515625
928,1,676.7941667296278,310.1431739813589,70.76191711425781
929,1,675.0989889158247,310.7680106308629,77.9422836303711
930,1,674.7028277649935,313.0221591188321,81.61946868896484
931,1,673.6180372451932,315.983015620442,85.78536987304688
932,1,672.579374835967,319.1373170742812,84.09831237792969
933,1,671.4000259860459,323.58884225292553,79.871826171875
934,1,670.3170224914242,327.78099155868995,97.96731567382812
935,1,669.8773887145711,331.61636406514094,96.4537353515625
936,0,0.0,0.0,0.0
937,0,0.0,0.0,0.0
938,0,0.0,0.0,0.0
939,1,666.3330683347538,352.065327533378,70.89384460449219
940,1,665.7594019020166,357.3671535892418,72.07588958740234
941,1,665.445135107592,363.24010308568,77.39325714111328
942,0,0.0,0.0,0.0
943,0,0.0,0.0,0.0
944,1,664.752164889052,382.638491203829,26.74675941467285
945,1,663.1016125429236,388.03666730313034,39.096885681152344
946,1,663.5075135131783,384.1522215701261,56.91059112548828
947,1,662.9958948962652,378.7447290527492,53.06077575683594
948,1,661.3581400805647,372.3950614106548,12.058975219726562
949,1,663.1384317214636,367.07762730373645,46.88814163208008
950,1,662.5959501395555,362.28499330482657,45.894832611083984
951,1,662.2363045224931,358.72572093219696,42.32711410522461
952,1,662.7197946099036,354.91629178761696,50.33686065673828
953,1,662.1512413939158,351.6251348635489,43.58811950683594
954,0,0.0,0.0,0.0
955,0,0.0,0.0,0.0
956,0,0.0,0.0,0.0
957,1,661.9691950168466,340.68376471343,48.4529914855957
958,1,662.8908674951609,335.7089157069546,66.67520904541016
959,1,663.0431302478496,330.608114609629,58.943504333496094
960,1,663.4276117500413,325.95858844003243,79.20955657958984
961,1,663.5371534212101,321.91366712598904,86.05628204345703
962,1,663.2922898048471,317.80377219796463,75.7327651977539
963,1,663.4138155439381,315.413392933037,58.49848937988281
964,1,663.4598405940745,312.26983939343006,58.07340621948242
965,1,663.261627565547,309.0602859615621,58.486244201660156
966,1,662.8559450516673,307.7358344088412,44.40915298461914
967,1,662.1206682781851,305.6598242526974,67.83072662353516
968,1,661.3709428005172,304.8428225709286,70.517333984375
969,1,661.1321246464283,304.05887516177796,53.759063720703125
970,1,660.3853595469895,305.03285199713326,64.09066009521484
971,1,659.16544261008,306.8018825238603,57.10427474975586
972,1,658.7779900679989,308.5789939039828,83.6246109008789
973,1,657.7780714653985,312.2763418942059,87.9316177368164
974,1,656.4366769519177,316.9807269109622,89.94539642333984
975,0,0.0,0.0,0.0
976,0,0.0,0.0,0.0
977,0,0.0,0.0,0.0
978,0,0.0,0.0,0.0
979,0,0.0,0.0,0.0
980,0,0.0,0.0,0.0
981,0,0.0,0.0,0.0
982,0,0.0,0.0,0.0
983,0,0.0,0.0,0.0
984,0,0.0,0.0,0.0
985,1,628.0,481.0,0.5072022080421448
986,1,622.6260231891374,518.3449203605115,28.13384246826172
987,1,620.7557348440637,504.7498610111272,79.37701416015625
988,1,618.5917472979562,490.91863183356224,58.76225662231445
989,1,616.8034832357462,478.5470256514929,67.1086654663086
990,1,613.7871134563705,463.24347014818636,10.834855079650879
991,0,0.0,0.0,0.0
992,0,0.0,0.0,0.0
993,0,0.0,0.0,0.0
994,0,0.0,0.0,0.0
995,0,0.0,0.0,0.0
996,0,0.0,0.0,0.0
997,0,0.0,0.0,0.0
998,0,0.0,0.0,0.0
999,0,0.0,0.0,0.0
1000,0,0.0,0.0,0.0
1001,0,0.0,0.0,0.0
1002,1,629.8464995422742,305.82100303242066,23.16962432861328
1003,1,633.462195575947,297.3139259574486,6.685491561889648
1004,1,638.0,288.0,0.5007838010787964
1005,0,0.0,0.0,0.0
1006,0,0.0,0.0,0.0
1007,0,0.0,0.0,0.0
1008,0,0.0,0.0,0.0
1009,0,0.0,0.0,0.0
1010,0,0.0,0.0,0.0
1011,1,647.1378946735024,283.7153265622747,76.35823822021484
1012,1,648.0549810241072,286.039126067203,93.06028747558594
1013,1,648.1845211111464,289.5277606429428,82.84242248535156
1014,1,648.980171852836,292.5789722102739,83.67857360839844
1015,1,649.2772682770685,296.21001406126186,89.2716064453125
1016,1,649.1570453849727,300.4390221942222,88.5633544921875
1017,1,648.949289687122,303.8720109493693,86.50250244140625
1018,1,649.0204280305599,308.6635476607828,87.75455474853516
1019,1,649.1692178843414,313.41000348198116,94.27581787109375
1020,1,648.2068069781646,317.30837718938795,81.93372344970703
1021,1,648.1164503072943,322.2762973771178,82.20994567871094
1022,1,647.8823636655194,327.53482600815926,93.65948486328125
1023,1,646.8685283003974,332.7679156195802,78.0166244506836
1024,1,646.6394151620475,338.2794564959058,82.3836669921875
1025,1,646.4570231530398,343.4791939395602,83.46678924560547
1026,1,646.0569465149563,348.9173173347044,74.69945526123047
1027,1,645.655431168733,354.6073713932943,80.23390197753906
1028,1,645.2026507585338,360.2987773378098,73.99617767333984
1029,0,0.0,0.0,0.0
1030,0,0.0,0.0,0.0
1031,0,0.0,0.0,0.0
1032,0,0.0,0.0,0.0
1033,0,0.0,0.0,0.0
1034,0,0.0,0.0,0.0
1035,0,0.0,0.0,0.0
1036,0,0.0,0.0,0.0
1037,0,0.0,0.0,0.0
1038,0,0.0,0.0,0.0
1039,0,0.0,0.0,0.0
1040,0,0.0,0.0,0.0
1041,0,0.0,0.0,0.0
1042,0,0.0,0.0,0.0
1043,0,0.0,0.0,0.0
1044,0,0.0,0.0,0.0
1045,0,0.0,0.0,0.0
1046,0,0.0,0.0,0.0
1047,0,0.0,0.0,0.0
1048,0,0.0,0.0,0.0
1049,0,0.0,0.0,0.0
1050,0,0.0,0.0,0.0
1051,0,0.0,0.0,0.0
1052,0,0.0,0.0,0.0
1053,0,0.0,0.0,0.0
1054,0,0.0,0.0,0.0
1055,0,0.0,0.0,0.0
1056,0,0.0,0.0,0.0
1057,0,0.0,0.0,0.0
1058,0,0.0,0.0,0.0
1059,0,0.0,0.0,0.0
1060,0,0.0,0.0,0.0
1061,0,0.0,0.0,0.0
1062,0,0.0,0.0,0.0
1063,0,0.0,0.0,0.0
1064,0,0.0,0.0,0.0
1065,0,0.0,0.0,0.0
1066,0,0.0,0.0,0.0
1067,0,0.0,0.0,0.0
1068,0,0.0,0.0,0.0
1069,0,0.0,0.0,0.0
1070,0,0.0,0.0,0.0
1071,0,0.0,0.0,0.0
1072,0,0.0,0.0,0.0
1073,0,0.0,0.0,0.0
1074,0,0.0,0.0,0.0
1075,0,0.0,0.0,0.0
1076,0,0.0,0.0,0.0
1077,0,0.0,0.0,0.0
1078,0,0.0,0.0,0.0
1079,0,0.0,0.0,0.0
1080,1,410.14214791084436,435.73074480631317,29.79181671142578
1081,1,393.2852543073032,444.6849843451633,73.19549560546875
1082,1,378.7853875988987,454.1736456411896,91.51153564453125
1083,0,0.0,0.0,0.0
1084,0,0.0,0.0,0.0
1085,0,0.0,0.0,0.0
1086,1,404.45511635826784,442.50019145496685,40.29536819458008
1087,0,0.0,0.0,0.0
1088,0,0.0,0.0,0.0
1089,0,0.0,0.0,0.0
1090,0,0.0,0.0,0.0
1091,1,551.3227415051671,343.49578076924826,9.848214149475098
1092,1,564.9400363940637,333.7063266811964,69.79728698730469
1093,1,576.6508374523306,326.94597135916894,65.24168395996094
1094,1,587.2806990854073,321.7712510266624,77.33154296875
1095,1,595.9679269295143,317.1248038759374,87.1288070678711
1096,1,603.5973789855373,314.59305591637457,84.64471435546875
1097,1,610.8018024037764,311.5780918954753,76.00444030761719
1098,1,616.3492863143402,310.4494151015441,70.41109466552734
1099,1,621.9830312977765,310.1141234121171,74.94913482666016
1100,1,627.5374893293751,309.37801837711595,55.76925277709961
1101,0,0.0,0.0,0.0
1102,0,0.0,0.0,0.0
1103,1,641.6080084252998,311.2520587638715,4.222108364105225
1104,1,642.6327596152262,312.13352996644846,71.32413482666016
1105,1,645.6313957688538,314.32678824988795,86.33618927001953
1106,1,648.374767244717,316.44726733631006,83.58289337158203
1107,1,650.5557521758586,318.35195771584864,71.5201416015625
1108,1,653.3243145981775,321.40358601251756,93.71943664550781
1109,1,655.3620152095427,324.2745118652241,87.91204071044922
1110,1,656.8072233418428,326.031889257195,81.29515838623047
1111,1,659.2333978254865,329.7350013115304,91.30410766601562
1112,1,660.5417990671184,333.1113489128211,92.11302185058594
1113,1,661.4735115413337,336.8129762236518,63.4471321105957
1114,1,663.2449412500248,340.46670677233135,84.85521697998047
1115,1,664.7835887153916,344.8541812209717,86.86735534667969
1116,1,665.3808348894411,348.2066080830671,74.11096954345703
1117,1,666.4392811049521,352.4224969143953,77.33061218261719
1118,1,667.013893730876,356.9511227742569,81.37974548339844
1119,1,668.2714864140258,361.31859729334815,85.2183609008789
1120,1,669.2538721829911,365.9918355154833,90.08842468261719
1121,1,669.6549384737697,369.59505101999065,36.944278717041016
1122,1,670.1682125001298,374.8951649133872,36.74297332763672
1123,1,670.6868697665651,381.4815025271639,62.68388748168945
1124,1,671.4854578738617,385.64545991373546,82.25248718261719
1125,1,671.5916998273417,387.767509849844,83.84527587890625
1126,1,671.9080139688222,383.33042766569326,80.77599334716797
1127,1,671.9594234204587,379.4814445326413,84.47431945800781
1128,1,671.4450413937698,375.3038731889713,24.686660766601562
1129,1,671.9304916940366,371.4279304772077,30.933238983154297
1130,1,671.9650882384589,368.01196816230964,48.4090576171875
1131,1,672.3638412633842,366.7600293846522,61.00959014892578
1132,1,672.5888380210229,364.04031243479534,71.2279281616211
1133,1,672.42629389569,362.19220315621004,81.74665832519531
1134,0,0.0,0.0,0.0
1135,1,673.4986475268515,357.9999896088637,2.053525447845459
1136,0,0.0,0.0,0.0
1137,0,0.0,0.0,0.0
1138,0,0.0,0.0,0.0
1139,0,0.0,0.0,0.0
1140,1,673.2831026537884,354.00168587929227,76.94821166992188
1141,1,674.3425628883759,350.77451788920365,87.89251708984375
1142,1,674.9356500442922,347.20787370910773,88.93773651123047
1143,1,675.7071658555394,344.9161629443429,85.74922180175781
1144,1,676.8598539164688,342.797906727806,91.35388946533203
1145,1,678.0993621384913,340.4504588995461,88.47535705566406
1146,1,678.8147155104605,339.0528699639037,71.8403549194336
1147,1,680.9134233078211,338.23884421045807,80.71035766601562
1148,1,682.2571457251728,336.97220296810366,76.61711883544922
1149,1,683.3650084122628,336.60031226646566,78.25309753417969
1150,1,685.5045917883805,337.97541703175364,91.34806823730469
1151,1,686.8801438137817,339.37364919573594,91.37409973144531
1152,1,688.0261401447214,341.06831142498334,83.26778411865234
1153,1,691.0087756595059,344.27849388851985,97.62471771240234
1154,1,693.2564730909235,346.97269774659566,94.45238494873047
1155,1,695.4105459032878,350.80175660707,84.53546905517578
1156,1,698.0571913712274,356.43996643375584,78.6248550415039
1157,1,700.9581675328408,363.04364021680834,84.60323333740234
1158,0,0.0,0.0,0.0
1159,1,706.1390173568305,382.19049478045116,34.012664794921875
1160,1,710.3769315560284,389.10277349983835,57.76323318481445
1161,1,714.0522694708723,401.02217081747204,78.3600845336914
1162,1,718.5741645789885,414.0124028220766,73.2462158203125
1163,1,722.5843039086005,429.24789147424315,78.45557403564453
1164,1,726.8102441339483,444.60923284512296,83.21344757080078
1165,1,731.7833889597257,451.3783694023746,80.28565216064453
1166,1,735.5839546913726,443.20543299784276,75.430419921875
1167,1,739.2987016973249,434.24214598555983,80.81014251708984
1168,1,743.1191926752232,426.76692847988585,88.61758422851562
1169,1,747.5331278680458,420.3783110149688,81.51657104492188
1170,1,751.7611384409954,414.95050638105187,56.47593688964844
1171,1,756.7349805177555,409.8266970771702,74.88968658447266
1172,1,762.2824153411142,406.09168649308396,74.72239685058594
1173,0,0.0,0.0,0.0
1174,0,0.0,0.0,0.0
1175,0,0.0,0.0,0.0
1176,0,0.0,0.0,0.0
1177,0,0.0,0.0,0.0
1178,0,0.0,0.0,0.0
1179,1,805.7604543903097,415.0245613005715,61.16680908203125
1180,1,813.8667588421088,422.7581176196362,60.40447235107422
1181,1,822.9756034207111,431.1025061922288,45.000614166259766
1182,1,830.6161613061747,442.96471161662777,73.02995300292969
1183,1,841.5817179006334,459.2251215866985,67.21119689941406
1184,1,852.5275313961317,476.19123019892777,80.38232421875
1185,0,0.0,0.0,0.0
1186,0,0.0,0.0,0.0
1187,0,0.0,0.0,0.0
1188,0,0.0,0.0,0.0
1189,0,0.0,0.0,0.0
1190,0,0.0,0.0,0.0
1191,0,0.0,0.0,0.0
1192,0,0.0,0.0,0.0
1193,0,0.0,0.0,0.0
1194,1,717.2071325699038,328.67702312836525,44.58528137207031
1195,1,707.1704649556149,323.20343157555436,42.48151397705078
1196,1,698.0982583954329,320.1451973194733,9.061114311218262
1197,1,690.5456505797677,312.5040140928545,78.66178894042969
1198,1,682.881308852827,310.155499846009,79.21841430664062
1199,1,676.4411874446853,308.9401862159712,83.6009750366211
1200,1,671.0731045750465,308.3313011480627,78.54150390625
1201,1,665.4215359763618,308.91594526671145,87.24105072021484
1202,1,660.2012458818997,309.7757023183599,87.5677719116211
1203,1,655.8231056140701,310.9889495126897,87.5150375366211
1204,1,651.1464414494552,314.0044986324849,87.90757751464844
1205,1,646.8916770014774,316.80650914353356,88.76246643066406
1206,1,643.8530725707732,320.0060684108994,76.89874267578125
1207,1,640.0430771564162,324.08883688662996,88.60772705078125
1208,1,635.9811916336741,328.0955817937659,99.8173599243164
1209,0,0.0,0.0,0.0
1210,1,630.5065391471596,340.1399937961733,8.470168113708496
1211,1,627.071660204749,340.8739945794901,32.72633743286133
1212,1,625.4193792549079,346.7685252762826,95.11902618408203
1213,1,622.658388857735,352.3921368412814,77.53600311279297
1214,1,620.4358096107986,358.28920660005076,86.19093322753906
1215,1,617.6003898619103,364.0437412360939,67.55310821533203
1216,1,615.8399760843147,368.93630942464364,33.10409164428711
1217,1,614.0814443581847,375.7492847433449,68.01991271972656
1218,1,611.6457572289602,382.40569638996806,64.37271118164062
1219,1,610.456608932227,387.577867696788,84.22241973876953
1220,1,608.669626917347,382.89091167755987,64.54937744140625
1221,1,606.200670974047,374.45956077799246,51.525047302246094
1222,1,605.4229555575275,371.7094698323362,39.14048767089844
1223,1,605.6185764642382,364.63885623022617,75.8523178100586
1224,1,604.2548882107972,359.99291892151206,77.70370483398438
1225,1,603.001729133882,355.7115294785307,89.73482513427734
1226,1,601.4656395141543,352.4580365948507,84.09693145751953
1227,1,600.6990295139814,349.8405289920913,67.73336029052734
1228,1,600.147442898592,347.0929099403585,85.1552963256836
1229,1,598.6302989868637,345.2105877653467,79.35272979736328
1230,1,596.0237854819986,343.87892414362153,36.644107818603516
1231,1,595.7771562061082,342.50750387853407,31.952173233032227
1232,1,595.7504062153528,340.86731636493073,8.599061012268066
1233,1,596.2808828149687,329.76975343633177,86.70313262939453
1234,1,596.2827756936624,323.8687287686207,92.11477661132812
1235,1,596.1753297132218,317.65623614256043,89.17831420898438
1236,1,596.2756400585175,311.55817752559824,82.42257690429688
1237,1,595.9173059194399,305.86986918614974,91.82369995117188
1238,1,595.5017326430429,300.8649722884666,90.8870849609375
1239,1,595.2361063037742,295.48124828609764,81.32984924316406
1240,1,595.1371473008782,290.9841409490113,87.71510314941406
1241,1,594.4726199360674,285.70824424584026,81.88883209228516
1242,1,594.1747126652581,282.1224172617649,74.13713836669922
1243,1,593.3730873785148,278.26729479208575,89.24101257324219
1244,1,592.4716901171679,275.57319175426437,84.1799545288086
1245,1,591.9485812292608,273.33499217128076,57.09368896484375
1246,1,590.7184087383366,271.21911234889694,74.77703857421875
1247,1,590.093338119485,269.52585528828064,73.0990982055664
1248,1,590.5289964626477,268.4644304820998,52.38916778564453
1249,1,589.2249540736337,269.16089767378327,55.47395324707031
1250,1,586.6091425561842,270.42431883074954,56.095245361328125
1251,1,585.5525290292231,270.3889932193978,81.239013671875
1252,1,584.3756456127622,273.96000942314294,86.22459411621094
1253,1,582.4954494615603,278.5015122451128,86.13095092773438
1254,1,580.4105595334757,282.8896456011895,91.32003784179688
1255,1,578.280630152623,290.2928105472548,83.32675170898438
1256,1,575.7533949693842,298.27151164997247,89.53107452392578
1257,1,573.0476174605687,307.7939559210499,30.952228546142578
1258,1,568.9975056785021,321.0000124947676,1.5312882661819458
1259,0,0.0,0.0,0.0
1260,1,562.3930255134609,352.0236474856851,91.41761779785156
1261,1,558.3652390914095,375.00931844046795,75.25759887695312
1262,1,553.6722150859356,396.34683138393126,76.23768615722656
1263,1,547.6646163073111,425.08717247132904,92.35261535644531
1264,1,540.0172700857664,459.8773510964081,81.95954132080078
1265,1,535.4210765362034,501.0598673868539,73.9803695678711
1266,1,524.2282761210744,548.0937400644258,36.708580017089844
1267,0,0.0,0.0,0.0
1268,0,0.0,0.0,0.0
1269,0,0.0,0.0,0.0
1270,0,0.0,0.0,0.0
1271,0,0.0,0.0,0.0
1272,1,506.90111737056765,443.9134919962158,67.97203826904297
1273,1,509.2011797147606,411.52704614534406,88.9459228515625
1274,1,510.26719380497946,387.93342789230036,74.04235076904297
1275,1,511.3271196112322,372.23571955499153,92.49375915527344
1276,1,511.91461423289513,359.7054857783484,74.31036376953125
1277,1,512.3860081947869,350.58576460703745,81.97954559326172
1278,1,513.0721283022622,343.7613098028481,76.33914947509766
1279,1,513.3410029970414,338.4317274330943,80.86868286132812
1280,1,514.0139019281859,334.90611158319166,79.98454284667969
1281,1,515.8358976724096,333.1648588727936,3.0590758323669434
1282,1,514.1588503278596,330.6540505349427,21.46977424621582
1283,1,512.4129020683886,329.0367343081849,33.215843200683594
1284,1,514.8269245370326,328.6612672247647,3.0585126876831055
1285,1,514.6616855011846,331.35533992610397,18.158462524414062
1286,1,511.38436419179766,333.95858144561913,14.017969131469727
1287,1,511.7940686460757,334.2469847722863,71.66667175292969
1288,1,511.8418664873278,336.4670314784719,84.37508392333984
1289,1,511.39605794082706,338.74258461390434,87.51099395751953
1290,1,510.82724925726495,341.4111547353858,79.44257354736328
1291,1,510.88244138743954,344.62111664452135,94.046875
1292,1,510.6844062302433,348.42740165788734,92.2820816040039
1293,1,510.24548065311666,351.5303619427143,80.97319030761719
1294,1,510.3673569979276,355.4411681787755,86.1200942993164
1295,1,509.99725448716123,359.5159761966612,86.14141082763672
1296,1,509.9090230663536,365.1894737040599,65.71509552001953
1297,1,509.7535369847834,368.9906384460804,70.88504028320312
1298,1,509.42505319769964,372.5082594106917,76.98631286621094
1299,0,0.0,0.0,0.0
1300,0,0.0,0.0,0.0
1301,0,0.0,0.0,0.0
1302,0,0.0,0.0,0.0
1303,0,0.0,0.0,0.0
1304,0,0.0,0.0,0.0
